name,link,image,Build,Type,Unlock,Cooldown,Ammo,Damage,Environment Dmg,Damage Radius,Priming Time,Max Deployed,Health,Max Range,Duration,rpm,Healing,Radius
Breach Charge,https://www.thefinals.wiki/wiki/Breach_Charge,https://www.thefinals.wiki/w/images/thumb/f/fc/Breach_Charge_Rank_1.png/100px-Breach_Charge_Rank_1.png.webp,Light,Utility,Assassin,20s,3,80,Over 2000,2.5m,1s,3,25,,,,,
Gateway,https://www.thefinals.wiki/wiki/Gateway,https://www.thefinals.wiki/w/images/thumb/c/c4/Gateway_Rank_1.png/100px-Gateway_Rank_1.png.webp,Light,Utility,500,40s,2,,,,,,,50m,20s,,,
Glitch Grenade,https://www.thefinals.wiki/wiki/Glitch_Grenade,https://www.thefinals.wiki/w/images/thumb/b/b5/Glitch_Grenade_Rank_1.png/100px-Glitch_Grenade_Rank_1.png.webp,Light,Offensive,Duelist,25s,2,,,,1.5s,,,,5s,,,
Gravity Vortex,https://www.thefinals.wiki/wiki/Gravity_Vortex,https://www.thefinals.wiki/w/images/thumb/d/d6/Gravity_Vortex_Rank_1.png/100px-Gravity_Vortex_Rank_1.png.webp,Light,Utility,500,20s,1,,,,,,60,,Min - 7s Max - 10s,,,
Infuser,https://www.thefinals.wiki/wiki/Infuser,https://www.thefinals.wiki/w/images/thumb/a/ad/HPlus_Infuser_Rank_1.png/100px-HPlus_Infuser_Rank_1.png.webp,Light,Utility,500,Starts recharging - 10s Fully recharged - 12s,20,,1,,,,,,,800,Per shot - 11 Full magazine - 220,
Sonar Grenade,https://www.thefinals.wiki/wiki/Sonar_Grenade,https://www.thefinals.wiki/w/images/thumb/c/ca/Sonar_Grenade_Rank_1.png/100px-Sonar_Grenade_Rank_1.png.webp,Light,Utility,Scout,34s,2,,,,,,25,,5.25s,,,12m
Nullifier,https://www.thefinals.wiki/wiki/Nullifier,https://www.thefinals.wiki/w/images/thumb/9/96/Nullifier_Rank_1.png/100px-Nullifier_Rank_1.png.webp,Light,Utility,Duelist,18s Reload - 1.9s,1,,,,,,,16m,3.75s,,,
Thermal Bore,https://www.thefinals.wiki/wiki/Thermal_Bore,https://www.thefinals.wiki/w/images/thumb/d/dd/Thermal_Bore_Rank_1.png/100px-Thermal_Bore_Rank_1.png.webp,Light,Utility,Scout,25s Reload - 2.6s,2,25,Over 3000,Inner - 2.5m Outer - 3m,,,,,,,,
Thermal Vision,https://www.thefinals.wiki/wiki/Thermal_Vision,https://www.thefinals.wiki/w/images/thumb/1/11/Thermal_Vision_Maintenance.png/100px-Thermal_Vision_Maintenance.png.webp,Light,Utility,500,10s,1,,,,,,,,20s,,,
Tracking Dart,https://www.thefinals.wiki/wiki/Tracking_Dart,https://www.thefinals.wiki/w/images/thumb/c/c9/Tracking_Dart_Rank_1.png/100px-Tracking_Dart_Rank_1.png.webp,Light,Utility,500,12s Reload - 2.1s,4,5,5,,,,,,13s,120,,
Vanishing Bomb,https://www.thefinals.wiki/wiki/Vanishing_Bomb,https://www.thefinals.wiki/w/images/thumb/5/54/Vanishing_Bomb_Rank_1.png/100px-Vanishing_Bomb_Rank_1.png.webp,Light,Utility,Assassin,25s,1,,,,,,,,Self - 5s Teammates - 6.5s,,,4m
APS Turret,https://www.thefinals.wiki/wiki/APS_Turret,https://www.thefinals.wiki/w/images/thumb/0/03/APS_Turret_Rank_1.png/100px-APS_Turret_Rank_1.png.webp,Medium,Defensive,Engineer,Destroyed - 30s Picked up manually - 5s Picked up remotely - 15s,,,,,,,175,,,,,3m
Breach Drill,https://www.thefinals.wiki/wiki/Breach_Drill,https://www.thefinals.wiki/w/images/thumb/8/8d/Breach_Drill_Rank_1.png/100px-Breach_Drill_Rank_1.png.webp,Medium,Utility,500,15s,1,,Over 2000,,,,,,,,,
Data Reshaper,https://www.thefinals.wiki/wiki/Data_Reshaper,https://www.thefinals.wiki/w/images/thumb/e/ea/Data_Reshaper_Rank_1.png/100px-Data_Reshaper_Rank_1.png.webp,Medium,Utility,Hacker,26s,2,,,,,,,21m,,,,
Defibrillator,https://www.thefinals.wiki/wiki/Defibrillator,https://www.thefinals.wiki/w/images/thumb/e/e7/Defibrillator_Rank_1.png/100px-Defibrillator_Rank_1.png.webp,Medium,Utility,Medic,45s,1,50,,,,,,,Revive Sickness - 5s,,50% HP on Revive,
Gas Mine,https://www.thefinals.wiki/wiki/Gas_Mine,https://www.thefinals.wiki/w/images/thumb/0/03/Gas_Mine_Rank_1.png/100px-Gas_Mine_Rank_1.png.webp,Medium,Defensive,Free,27s,2,Trigger - 30 Gas - 30/s→60/s (within 2s),,,1.6s,2,25,,Gas - 10s,,,
Glitch Trap,https://www.thefinals.wiki/wiki/Glitch_Trap,https://www.thefinals.wiki/w/images/thumb/7/7d/Glitch_Trap_Rank_1.png/100px-Glitch_Trap_Rank_1.png.webp,Medium,Defensive,Engineer,20s,1,,,,1.6s,2,25,5m,,,,
Hover Pad,https://www.thefinals.wiki/wiki/Hover_Pad,https://www.thefinals.wiki/w/images/thumb/7/76/Hover_Pad_Rank_1.png/100px-Hover_Pad_Rank_1.png.webp,Medium,Utility,Aerialist,Destroyed - 11s Picked up - 3.5s,1,,,,,1,425,,,,,
Jump Pad,https://www.thefinals.wiki/wiki/Jump_Pad,https://www.thefinals.wiki/w/images/thumb/e/ef/Jump_Pad_Rank_1.png/100px-Jump_Pad_Rank_1.png.webp,Medium,Utility,Medic,40s,1,,,,,1,250,,,,,
Zipline,https://www.thefinals.wiki/wiki/Zipline,https://www.thefinals.wiki/w/images/thumb/4/49/Zipline_Rank_1.png/100px-Zipline_Rank_1.png.webp,Medium,Utility,Hacker,30s,1,,,,,1,100 (Environmental),,,,,
Anti-Gravity Cube,https://www.thefinals.wiki/wiki/Anti-Gravity_Cube,https://www.thefinals.wiki/w/images/thumb/4/42/Anti-Gravity_Cube_Rank_1.png/100px-Anti-Gravity_Cube_Rank_1.png.webp,Heavy,Utility,500,28s,1,,,,,,150,,20s,,,High - 7m Wide - 4m
Barricade,https://www.thefinals.wiki/wiki/Barricade,https://www.thefinals.wiki/w/images/thumb/b/be/Barricade_Rank_1.png/100px-Barricade_Rank_1.png.webp,Heavy,Defensive,Strategist,30s,2,,,,,4,800 per panel (environmental),,,,,
C4,https://www.thefinals.wiki/wiki/C4,https://www.thefinals.wiki/w/images/thumb/a/a3/C4_Rank_1.png/100px-C4_Rank_1.png.webp,Heavy,Offensive,Strategist,45s,1,155,Over 2000,Inner - 1.6m Outer - 6.5m,1.9s,2,25,,,,,
Dome Shield,https://www.thefinals.wiki/wiki/Dome_Shield,https://www.thefinals.wiki/w/images/thumb/c/cd/Dome_Shield_Rank_1.png/100px-Dome_Shield_Rank_1.png.webp,Heavy,Defensive,Guardian,30s,1,,,,,,Shield - 250 Projectile - ?,,5.5s,,,4m
Healing Emitter,https://www.thefinals.wiki/wiki/Healing_Emitter,https://www.thefinals.wiki/w/images/thumb/9/9b/Healing_Emitter_Rank_1.png/100px-Healing_Emitter_Rank_1.png.webp,Heavy,Utility,Guardian,30s,1,,,,,,200,,,,10/s → 20/s (over 2s),4m
Lockbolt,https://www.thefinals.wiki/wiki/Lockbolt,https://www.thefinals.wiki/w/images/thumb/d/d3/Lockbolt_Rank_1.png/100px-Lockbolt_Rank_1.png.webp,Heavy,Utility,Enforcer,30s Reload - 2.3s,1,5,,,,,Anchor - 200,6m,7s,,,
Pyro Mine,https://www.thefinals.wiki/wiki/Pyro_Mine,https://www.thefinals.wiki/w/images/thumb/2/23/Pyro_Mine_Rank_1.png/100px-Pyro_Mine_Rank_1.png.webp,Heavy,Defensive,500,27s,2,Explosion - 55 Flame - 20/s Burn - 15/s,500,,1.6s,2,25,,10s,,,
RPG-7,https://www.thefinals.wiki/wiki/RPG-7,https://www.thefinals.wiki/w/images/thumb/7/7a/RPG-7_Rank_1.png/100px-RPG-7_Rank_1.png.webp,Heavy,Offensive,Demolisher,45s Reload - 2.15s,1,110,Over 2000,Inner - 1.5m Outer - 5.5m,,,,,,,,
Flashbang,https://www.thefinals.wiki/wiki/Flashbang,https://www.thefinals.wiki/w/images/thumb/6/6e/Flashbang_Rank_1.png/100px-Flashbang_Rank_1.png.webp,All,Offensive,Free,18s,2,,,,,,,,4.5s,,,
Frag Grenade,https://www.thefinals.wiki/wiki/Frag_Grenade,https://www.thefinals.wiki/w/images/thumb/7/78/Frag_Grenade_Rank_1.png/100px-Frag_Grenade_Rank_1.png.webp,All,Offensive,Free,20s,1,140,900,Inner - 2.75m Outer - 5.5m,,,,,,,,
Gas Grenade,https://www.thefinals.wiki/wiki/Gas_Grenade,https://www.thefinals.wiki/w/images/thumb/a/a4/Gas_Grenade_Rank_1.png/100px-Gas_Grenade_Rank_1.png.webp,All,Offensive,Free,24s,1,30/s→60/s(over 2s),,,0.5s,,,,12s,,,5m
Goo Grenade,https://www.thefinals.wiki/wiki/Goo_Grenade,https://www.thefinals.wiki/w/images/thumb/9/93/Goo_Grenade_Rank_1.png/100px-Goo_Grenade_Rank_1.png.webp,All,Defensive,Free,30s,2,,,,,,240 per Goo blob,,,,,
Pyro Grenade,https://www.thefinals.wiki/wiki/Pyro_Grenade,https://www.thefinals.wiki/w/images/thumb/d/dc/Pyro_Grenade_Rank_1.png/100px-Pyro_Grenade_Rank_1.png.webp,All,Offensive,Free,24s,1,Flame - 20/s Burn - 15/s,,,,,,,12s,,,
Smoke Grenade,https://www.thefinals.wiki/wiki/Smoke_Grenade,https://www.thefinals.wiki/w/images/thumb/e/ee/Smoke_Grenade_Rank_1.png/100px-Smoke_Grenade_Rank_1.png.webp,All,Defensive,Free,50s,2,,,,,,,,9s,,,
Proximity Sensor,https://www.thefinals.wiki/wiki/Proximity_Sensor,https://www.thefinals.wiki/w/images/thumb/c/c9/Proximity_Sensor_Rank_1.png/100px-Proximity_Sensor_Rank_1.png.webp,Medium,Utility,Enforcer,20s,2,,,,,2,25,,,,,11m
Explosive Mine,https://www.thefinals.wiki/wiki/Explosive_Mine,https://www.thefinals.wiki/w/images/thumb/2/24/Explosive_Mine_Rank_1.png/100px-Explosive_Mine_Rank_1.png.webp,Medium,Defensive,Demolisher,15s,1,120,1025,4.25m,1.6s,2,25,,,,,
