name,link,image,Build,Type,Unlock,Cooldown,Duration,Activation Costs,Ammo,Max Range,Damage,Health,rpm,Healing,Damage Radius
Cloaking Device,https://www.thefinals.wiki/wiki/Cloaking_Device,https://www.thefinals.wiki/w/images/thumb/b/b0/Cloaking_Device_Rank_1.png/100px-Cloaking_Device_Rank_1.png.webp,Light,Specialization,Assassin,Energy-Based,Min - 11s Max - 29s,33% of energy,,,,,,,
Evasive Dash,https://www.thefinals.wiki/wiki/Evasive_Dash,https://www.thefinals.wiki/w/images/thumb/4/42/Evasive_Dash_Rank_1.png/100px-Evasive_Dash_Rank_1.png.webp,Light,Specialization,Duelist,5s,,,2,,,,,,
Grappling Hook,https://www.thefinals.wiki/wiki/Grappling_Hook,https://www.thefinals.wiki/w/images/thumb/b/b4/Grappling_Hook_Rank_1.png/100px-Grappling_Hook_Rank_1.png.webp,Light,Specialization,Free,6s,,,1,25m,,,,,
Dematerializer,https://www.thefinals.wiki/wiki/Dematerializer,https://www.thefinals.wiki/w/images/thumb/0/0d/Dematerializer_Rank_1.png/100px-Dematerializer_Rank_1.png.webp,Medium,Specialization,Hacker,15s,15s,,3,,,,,,
Guardian Turret,https://www.thefinals.wiki/wiki/Guardian_Turret,https://www.thefinals.wiki/w/images/thumb/a/a7/Guardian_Turret_Card.png/100px-Guardian_Turret_Card.png.webp,Medium,Specialization,Engineer,Destroyed - 35s Picked up manually - 3s Picked up remotely - 10s,,,,20m,6,300,400,,
Healing Beam,https://www.thefinals.wiki/wiki/Healing_Beam,https://www.thefinals.wiki/w/images/thumb/b/b5/Healing_Beam_Card.png/100px-Healing_Beam_Card.png.webp,Medium,Specialization,Free,Charge-Based Cooldown No overheating - 0.5s → 40 charge per second Overheating - 7.5s,5.5s,,,10m 13m while healing,,253 charge,,46 per second,
Shockwave,https://www.thefinals.wiki/wiki/Shockwave,https://www.thefinals.wiki/w/images/thumb/6/66/Shockwave_Card.png/100px-Shockwave_Card.png.webp,Medium,Specialization,Aerialist,12s,Glitch - 2s,,2,,,,,,
Recon Senses,https://www.thefinals.wiki/wiki/Recon_Senses,https://www.thefinals.wiki/w/images/thumb/9/99/Recon_Senses_Maintenance.png/100px-Recon_Senses_Maintenance.png.webp,Medium,Specialization,800,2x activation duration,10s,1.5s,,30m,,,,,
Charge 'N' Slam,https://www.thefinals.wiki/wiki/Charge_%27N%27_Slam,https://www.thefinals.wiki/w/images/thumb/4/45/Charge_N_Slam_Rank_1.png/100px-Charge_N_Slam_Rank_1.png.webp,Heavy,Specialization,Demolisher,12s,3s,,,,100 Initial 40 Subsequent 50-200 Ground Slam,,,,4m (Ground Slam)
Goo Gun,https://www.thefinals.wiki/wiki/Goo_Gun,https://www.thefinals.wiki/w/images/thumb/2/2d/Goo_Gun_Card.png/100px-Goo_Gun_Card.png.webp,Heavy,Specialization,Strategist,Reload - 2.4s,,,20,,,240 per Goo Blob,230,,
Mesh Shield,https://www.thefinals.wiki/wiki/Mesh_Shield,https://www.thefinals.wiki/w/images/thumb/e/e9/Mesh_Shield_Rank_1.png/100px-Mesh_Shield_Rank_1.png.webp,Heavy,Specialization,Free,Energy-Based Not destroyed - 5s → 10 energy per second Destroyed - 15s → Restored to 300 energy,,225 energy when shield lowered,,,,850 energy,,,
Winch Claw,https://www.thefinals.wiki/wiki/Winch_Claw,https://www.thefinals.wiki/w/images/thumb/e/e0/Winch_Claw_Rank_1.png/100px-Winch_Claw_Rank_1.png.webp,Heavy,Specialization,Enforcer,Miss - 10s Low-value Target - 14s High-value Target - 18s,Stun: 3m or less - 0.1s Max range - 0.5s,,,12m,5,,,,
