name,link,image,Weapon Quote,Build,Type,Unlock,Body,Head,Environmental,Min Range,Max Range,Multiplier,RPM,Magazine,Empty Reload,Tactical Reload,Primary attack,Alt-attack,Lunge Distance,Precision zone,Environmental Alt-Fire,Alt-Fire Body,Alt-Fire Head,Radius
93R,https://www.thefinals.wiki/wiki/93R,https://www.thefinals.wiki/w/images/thumb/3/3d/93R_Rank_1.png/100px-93R_Rank_1.png.webp,“Burst-fire machine pistol”,Light,Handgun,500,24,36 (1.5×),7,30m,37.5m,0.5,210｜1000,27,1.75s,1.45s,,,,,,,,
ARN-220,https://www.thefinals.wiki/wiki/ARN-220,https://www.thefinals.wiki/w/images/thumb/e/e0/ARN-220_Rank_1.png/100px-ARN-220_Rank_1.png.webp,“A tactical assault rifle with coupled mags for quick swaps in the heat of combat.”,Light,Assault Rifle,500,17,25.5 (1.5×),3.5,37.5m,42.5m,0.72,750,30×2,Full reload - 2.7s Magazine swap - 0.66s,2.45s,,,,,,,,
Dagger,https://www.thefinals.wiki/wiki/Dagger,https://www.thefinals.wiki/w/images/thumb/8/86/Dagger_Rank_1.png/100px-Dagger_Rank_1.png.webp,“Close-range melee weapon for fast single strikes. Use the secondary backstab attack to deal high damage when hitting an enemy from behind.”,Light,Melee,500,,,33,,,,,,,,Precise - 70 Glancing blow - 49,Precise - 85 Backstab - 340,5m,9°,33,,,
LH1,https://www.thefinals.wiki/wiki/LH1,https://www.thefinals.wiki/w/images/thumb/e/e2/LH1_Rank_1.png/100px-LH1_Rank_1.png.webp,“Semi-automatic battle rifle.”,Light,Marksman Rifle,500,44,88 (2.0×),14,50m,55m,0.75,270,15,2.85s,1.95s,,,,,,,,
M11,https://www.thefinals.wiki/wiki/M11,https://www.thefinals.wiki/w/images/thumb/c/c3/M11_Rank_1.png/100px-M11_Rank_1.png.webp,"“Fast-firing, fully automatic machine pistol”",Light,SMG,Duelist,16,24,5,10m,20m,0.45,1000,40,1.85s,1.55s,,,,,,,,
M26 Matter,https://www.thefinals.wiki/wiki/M26_Matter,https://www.thefinals.wiki/w/images/thumb/3/3c/M26_Matter_Rank_1.png/100px-M26_Matter_Rank_1.png.webp,“A light and compact pump-action shotgun that uses box magazines.”,Light,Shotgun,500,11×11 (Max - 121),,9×11 (Max - 99),15m,25m,0.65,84,8,2.45s,2.05s,,,,,,,,
Recurve Bow,https://www.thefinals.wiki/wiki/Recurve_Bow,https://www.thefinals.wiki/w/images/thumb/7/7f/Recurve_Bow_Rank_1.png/100px-Recurve_Bow_Rank_1.png.webp,“Shoots arrows in a curved arc; the arrows' effective range and damage will increase the further back the bowstring is drawn”,Light,Marksman Rifle,500,60,90 (1.5×),12.125,,,,78丨48,∞,0.75s,,,,,,Max Draw - 25,Max Draw - 126,Max Draw - 189 (1.5×),
SH1900,https://www.thefinals.wiki/wiki/SH1900,https://www.thefinals.wiki/w/images/thumb/a/a2/SH1900_Rank_1.png/100px-SH1900_Rank_1.png.webp,“Double-barrel shotgun with a wide spread”,Light,Shotgun,500,12×15 (Max - 180),,6×15,10m,15m,0.62,80,2,2.60s,2.20s,,,,,,,,
SR-84,https://www.thefinals.wiki/wiki/SR-84,https://www.thefinals.wiki/w/images/thumb/0/0f/SR-84_Rank_1.png/100px-SR-84_Rank_1.png.webp,“Bolt-action sniper rifle”,Light,Marksman Rifle,Free,118,236,27,80m,100m,0.75,45,6,3.35,1.95,,,,,,,,
Sword,https://www.thefinals.wiki/wiki/Sword,https://www.thefinals.wiki/w/images/thumb/c/cf/Sword_Rank_1.png/100px-Sword_Rank_1.png.webp,“Melee weapon built for precise attacks and high damage. Can perform a secondary lunge attack to quickly close distance and strike targets.”,Light,Melee,Free,,,33,,,,,,,,Precise - 110 Glancing blow - 71.5,Precise - 120 Glancing blow - 78,4.25m,9°,33,,,
Throwing Knives,https://www.thefinals.wiki/wiki/Throwing_Knives,https://www.thefinals.wiki/w/images/thumb/a/ab/Throwing_Knives_Rank_1.png/100px-Throwing_Knives_Rank_1.png.webp,“A set of silent projectiles that can be thrown in short bursts; can also be thrown in pairs”,Light,Miscellaneous,Assassin,60,90,20,,,,89丨545.45丨27.7,∞,,,,,,,40,140,210,
V9S,https://www.thefinals.wiki/wiki/V9S,https://www.thefinals.wiki/w/images/thumb/7/7f/V9S_Rank_1.png/100px-V9S_Rank_1.png.webp,“Semi-automatic pistol”,Light,Handgun,Free,38,57,8,15m,20m,0.65,360,18,1.50s,1.25s,,,,,,,,
XP-54,https://www.thefinals.wiki/wiki/XP-54,https://www.thefinals.wiki/w/images/thumb/f/f0/XP-54_Rank_1.png/100px-XP-54_Rank_1.png.webp,“Tactical submachine gun”,Light,SMG,Free,16,24,8,22.5m,32.5m,0.52,880,36,2.50s,2.25s,,,,,,,,
AKM,https://www.thefinals.wiki/wiki/AKM,https://www.thefinals.wiki/w/images/thumb/5/55/AKM_Rank_1.png/100px-AKM_Rank_1.png.webp,“Fully automatic assault rifle”,Medium,Assault Rifle,Free,21,31.5 (1.5×),10,30m,37.5m,0.55,600,34,2.35s,2.35s,,,,,,,,
CB-01 Repeater,https://www.thefinals.wiki/wiki/CB-01_Repeater,https://www.thefinals.wiki/w/images/thumb/3/30/CB-01_Repeater_Rank_1.png/100px-CB-01_Repeater_Rank_1.png.webp,“A powerful lever-action marksman's rifle with a speed loader for quick empty reloads.”,Medium,Marksman Rifle,500,84,126 (1.5×),25,35m,40m,0.64,78,8,4.95s,Segmented,,,,,,,,
Cerberus 12GA,https://www.thefinals.wiki/wiki/Cerberus_12GA,https://www.thefinals.wiki/w/images/thumb/8/8e/Cerberus_12GA_Rank_1.png/100px-Cerberus_12GA_Rank_1.png.webp,"“A triple-barreled, break-action shotgun loaded with incendiary shells.”",Medium,Shotgun,500,9×13 (Max - 117) Burn - 15/s,,7×13,10m,20m,0.65,100,3,2.85s,Segmented,,,,,,,,
Chimera-XB,https://www.thefinals.wiki/wiki/Chimera-XB,https://www.thefinals.wiki/w/images/thumb/a/ae/Chimera-XB_Rank_1.png/100px-Chimera-XB_Rank_1.png.webp,"“Semi-automatic crossbow, capable of firing bolts with high accuracy in quick succession.”",Medium,Marksman Rifle,Aerialist,45,67.5 (1.5×),12,17.5m,27.5m,0.53,260,15,2.15s,2.15s,,,,,,,,
CL-40,https://www.thefinals.wiki/wiki/CL-40,https://www.thefinals.wiki/w/images/thumb/b/b3/CL-40_Rank_1.png/100px-CL-40_Rank_1.png.webp,“Pump-action grenade launcher”,Medium,Grenade Launcher,Free,Direct - 105 Splash- from 79 to 11,,300,,,,73,5,4.75s,Segmented,,,,,,,,Inner - 0.5m Outer - 3m
Dual Blades,https://www.thefinals.wiki/wiki/Dual_Blades,https://www.thefinals.wiki/w/images/thumb/c/cb/Dual_Blades_Rank_1.png/100px-Dual_Blades_Rank_1.png.webp,“Melee weapon balancing offense and defense. Delivers rapid strikes and can enter a defensive stance to deflect incoming bullets back at attackers.”,Medium,Melee,500,,,20×2 → 25×2 → 30,,,,,,,,Precise - 57×2 Glancing blow - 37×2,Deflect,5m,12°,,,,
FAMAS,https://www.thefinals.wiki/wiki/FAMAS,https://www.thefinals.wiki/w/images/thumb/4/45/FAMAS_Rank_1.png/100px-FAMAS_Rank_1.png.webp,“Burst-fire assault rifle”,Medium,Assault Rifle,Hacker,24,36,9,33.5m,42.5m,0.50,220｜1080,27,2.40s,2.15s,,,,,,,,
FCAR,https://www.thefinals.wiki/wiki/FCAR,https://www.thefinals.wiki/w/images/thumb/a/a8/FCAR_Rank_1.png/100px-FCAR_Rank_1.png.webp,“Heavy tactical assault rifle”,Medium,Assault Rifle,Free,23,34.5,11,35m,40m,0.55,530,25,2.10s,2.10s,,,,,,,,
Model 1887,https://www.thefinals.wiki/wiki/Model_1887,https://www.thefinals.wiki/w/images/thumb/e/ed/Model_1887_Rank_1.png/100px-Model_1887_Rank_1.png.webp,“Lever-action shotgun firing pellets.”,Medium,Shotgun,Engineer,13×9,,6×9,20m,30m,0.65,72,7,4.4s,Segmented,,,,,,,,
P90,https://www.thefinals.wiki/wiki/P90,https://www.thefinals.wiki/w/images/thumb/6/6c/P90_Rank_1.png/100px-P90_Rank_1.png.webp,“A distinctive submachine gun with high capacity magazines and a rapid fire rate”,Medium,SMG,500,14,21,6,18m,24m,0.62,900,50,2.6,2.35,,,,,,,,
Pike-556,https://www.thefinals.wiki/wiki/Pike-556,https://www.thefinals.wiki/w/images/thumb/3/34/Pike-556_Rank_1.png/100px-Pike-556_Rank_1.png.webp,“A scoped mid-range marksman rifle with heavy recoil that deals high damage at range”,Medium,Marksman Rifle,500,49,85.75 (1.75×),22,40m,50m,0.8,200,12,3.25s,2.10s,,,,,,,,
R .357,https://www.thefinals.wiki/wiki/R_.357,https://www.thefinals.wiki/w/images/thumb/3/37/R_.357_Rank_1.png/100px-R_.357_Rank_1.png.webp,“High-power revolver”,Medium,Handgun,Free,74,148,25,27.5m,44m,0.4,140,6,2.50s,2.20s,,,,,,,,
Riot Shield,https://www.thefinals.wiki/wiki/Riot_Shield,https://www.thefinals.wiki/w/images/thumb/0/0c/Riot_Shield_Rank_1.png/100px-Riot_Shield_Rank_1.png.webp,"“Carried shield; can be held close to the body for protection, raised to block incoming projectiles, or used as a close-range melee weapon”",Medium,Melee,500,,,Primary Attack - 50 Shield Bash - 100,,,,,,,,Precise - 86 Glancing blow - 60,Blocking Shield Bash - 50,5m,10°,,,,
.50 Akimbo,https://www.thefinals.wiki/wiki/.50_Akimbo,https://www.thefinals.wiki/w/images/thumb/5/5a/.50_Akimbo_Rank_1.png/100px-.50_Akimbo_Rank_1.png.webp,"“Dual, high-caliber handguns that deal high damage while sacrificing precision”",Heavy,Handgun,Free,46,92,18,32m,39m,0.50,230,14,3.00s,2.20s,,,,,,,,
BFR Titan,https://www.thefinals.wiki/wiki/BFR_Titan,https://www.thefinals.wiki/w/images/thumb/1/1f/BFR_Titan_Rank_1.png/100px-BFR_Titan_Rank_1.png.webp,"“An experimental hand cannon firing high-caliber bullets, able to deliver high impact even at longer ranges.”",Heavy,Handgun,500,90,135 (1.5×),95,25m,40m,0.7,71,5,4.75,Segmented,,,,,,,,
Flamethrower,https://www.thefinals.wiki/wiki/Flamethrower,https://www.thefinals.wiki/w/images/thumb/5/50/Flamethrower_Rank_1.png/100px-Flamethrower_Rank_1.png.webp,“Emits a stream of burning fuel that burns and damages contestants”,Heavy,Miscellaneous,500,Hit - 30 Burn - 15/s,,2,7.4m,7.4m,0,170,30,3.55s,3.55s,,,,,,,,
KS-23,https://www.thefinals.wiki/wiki/KS-23,https://www.thefinals.wiki/w/images/thumb/f/f4/KS-23_Rank_1.png/100px-KS-23_Rank_1.png.webp,“Pump-action shotgun that fires slugs that deal high arena damage”,Heavy,Shotgun,Strategist,104,,1000,12m,22m,0.58,78,6,4.36s,Segmented,,,,,,,,
Lewis Gun,https://www.thefinals.wiki/wiki/Lewis_Gun,https://www.thefinals.wiki/w/images/thumb/1/14/Lewis_Gun_Rank_1.png/100px-Lewis_Gun_Rank_1.png.webp,“Pan magazine-fed light machine gun.”,Heavy,LMG,500,23,34.5,12,35m,40m,0.67,500,47,3.55s,3.25s,,,,,,,,
M134 Minigun,https://www.thefinals.wiki/wiki/M134_Minigun,https://www.thefinals.wiki/w/images/thumb/9/96/M134_Minigun_Rank_1.png/100px-M134_Minigun_Rank_1.png.webp,"“A heavily modified minigun with relentless firepower, perfect for sustained suppression.”",Heavy,HMG,Demolisher,11,14.63 (1.33×),35,30m,50m,0.40,1500,300,5.25s,5.00s,,,,,,,,
M60,https://www.thefinals.wiki/wiki/M60,https://www.thefinals.wiki/w/images/thumb/a/a6/M60_Rank_1.png/100px-M60_Rank_1.png.webp,“Fully automatic light machine gun”,Heavy,LMG,Free,20,30,9,25m,35m,0.50,580,70,3.55s,3.55s,,,,,,,,
MGL32,https://www.thefinals.wiki/wiki/MGL32,https://www.thefinals.wiki/w/images/thumb/b/b1/MGL32_Rank_1.png/100px-MGL32_Rank_1.png.webp,“Revolving-action grenade launcher”,Heavy,Grenade Launcher,500,Direct - 83 Splash From (Inner) - 75 (90%) To (Outer) - 10 (12%),,300,,,,90,6,3.10s,2.85s,,,,,,,,Inner - 2m Outer - 4m
SA1216,https://www.thefinals.wiki/wiki/SA1216,https://www.thefinals.wiki/w/images/thumb/c/cb/SA1216_Rank_1.png/100px-SA1216_Rank_1.png.webp,"“Rapid-fire, semi-automatic shotgun with a quad-tube magazine”",Heavy,Shotgun,Free,6×12,,1×12,12.5m,20m,0.62,190,4×4,3.25s,2.35s,,,,,,,,
ShAK-50,https://www.thefinals.wiki/wiki/ShAK-50,https://www.thefinals.wiki/w/images/thumb/f/fb/ShAK-50_Rank_1.png/100px-ShAK-50_Rank_1.png.webp,“A high-caliber automatic rifle that fires multiple bullets per round.”,Heavy,Assault Rifle,Enforcer,15×2,22.5×2,7×2,15m,25m,0.65,420,20,3.20s,2.40s,,,,,,,,
Sledgehammer,https://www.thefinals.wiki/wiki/Sledgehammer,https://www.thefinals.wiki/w/images/thumb/c/cb/Sledgehammer_Rank_1.png/100px-Sledgehammer_Rank_1.png.webp,“Powerful melee weapon built for destruction. Can perform wide sweeping attacks and a concentrated overhead attack.”,Heavy,Melee,Free,,,685,,,,,,,,Precise - 120 Glancing blow - 90,Precise - 200 Glancing blow - 150,5m,10°,Over 2000,,,
Spear,https://www.thefinals.wiki/wiki/Spear,https://www.thefinals.wiki/w/images/thumb/3/37/Spear_Rank_1.png/100px-Spear_Rank_1.png.webp,"“Long-reach melee weapon built for stabbing attacks. Spin to perform a sweeping strike that covers a wider arc, dealing increased damage with each spin.”",Heavy,Melee,500,,,?,,,,,,,,Precise - 82 Glancing blow - 57,75 → 125 → 150,6.5m,8°,?,,,
